objective,Minimum,Maximum,Range,Std,Mean
Unavailability,0.094808,0.383309,0.2885,0.090116,0.188731
Cost,2.704967e6,4.932191e6,2.227224e6,515713.957869,3.282294590909e6
